                  epoch,         train/box_loss,         train/cls_loss,         train/dfl_loss,   metrics/precision(B),      metrics/recall(B),       metrics/mAP50(B),    metrics/mAP50-95(B),           val/box_loss,           val/cls_loss,           val/dfl_loss,                 lr/pg0,                 lr/pg1,                 lr/pg2
                      1,                0.38662,                 1.9824,                0.86776,                0.47304,                0.79008,                0.67194,                0.65563,                 0.2598,                 1.2647,                0.78233,              0.0002728,              0.0002728,              0.0002728
                      2,                0.25783,                0.84123,                0.81559,                0.87593,                0.91366,                0.97107,                0.96639,                0.20041,                0.48809,                0.76818,             0.00044147,             0.00044147,             0.00044147
                      3,                 0.2362,                 0.5835,                0.80933,                0.80244,                0.85791,                0.92297,                0.92121,                0.18448,                0.67135,                0.76187,             0.00050019,             0.00050019,             0.00050019
                      4,                0.21779,                0.47999,                0.80483,                0.90254,                0.87594,                0.95483,                0.95422,                0.16092,                 0.4738,                 0.7592,              0.0003382,              0.0003382,              0.0003382
                      5,                0.20409,                0.39881,                0.80028,                0.89109,                0.88551,                0.95228,                0.95221,                0.13088,                0.57906,                0.75436,              0.0003382,              0.0003382,              0.0003382
