                  epoch,         train/box_loss,         train/cls_loss,         train/dfl_loss,   metrics/precision(B),      metrics/recall(B),       metrics/mAP50(B),    metrics/mAP50-95(B),           val/box_loss,           val/cls_loss,           val/dfl_loss,                 lr/pg0,                 lr/pg1,                 lr/pg2
                      1,                 3.2236,                  4.258,                   1.44,                  0.082,                0.35728,                0.10747,                0.04122,                 1.9881,                 2.9505,                0.97018,             0.00027391,             0.00027391,             0.00027391
                      2,                 1.6023,                 2.0801,                0.89941,                0.16625,                0.56576,                0.20964,                0.11356,                 1.3474,                  2.043,                0.87115,             0.00044237,             0.00044237,             0.00044237
                      3,                 1.4001,                  1.859,                0.86454,                0.35746,                0.61699,                0.29398,                0.15896,                 1.3121,                 1.7776,                0.86892,             0.00050087,             0.00050087,             0.00050087
                      4,                 1.2587,                 1.6686,                 0.8464,                0.32971,                 0.7179,                0.38821,                0.20576,                 1.2693,                 1.6216,                0.85167,              0.0003382,              0.0003382,              0.0003382
                      5,                 1.1925,                 1.5438,                0.84281,                0.42714,                0.78472,                0.49164,                0.29485,                 1.0679,                 1.3933,                0.83543,              0.0003382,              0.0003382,              0.0003382
